feature,missing_train,nunique_train,variance_train,endpoint_direct_feature,candidate_keep,used_in_full_domain_encoder
age_analysis,0.0,30,70.37368614101146,False,True,True
age_r,0.0,30,70.37368614101146,False,True,True
agebaby1,0.4554277942631058,361,1277260.0762234181,False,True,True
agecancer,0.9688427299703264,43,78.42875682413455,False,False,False
agecon10,0.9975272007912958,33,1711197.323076923,False,False,False
agecon11,0.9984545004945599,23,1978062.9400000002,False,False,False
agecon12,0.9990108803165183,13,2446332.5625,False,False,False
agecon13,0.999381800197824,8,3524200.9888888886,False,False,False
agecon14,0.9995054401582592,7,3917588.6964285714,False,False,False
agedd1,0.8673961424332344,31,32.14062902271858,False,True,False
agedd1_i,0.0,2,0.006449362270052605,False,True,False
agediss1,0.8353733926805144,31,34.07158509366607,False,True,False
agediss1_i,0.0,2,0.0029587367397575655,False,True,False
agefhpv,0.5476013847675568,41,607.6851430156827,False,True,False
agefpap,0.19324925816023739,42,155.7607651266711,False,True,False
agefpap2,0.9807121661721068,6,5.824047736829088,False,False,False
agefpel,0.19590751730959446,43,161.73302200292648,False,True,True
agefstus,0.5315281899109793,42,68.75295517093392,False,True,False
agemomb1,0.0,7,181.29491436165085,False,True,True
agemomb1_i,0.0,2,0.006144160754115856,False,True,False
agepel2,0.9806503461918892,6,7.046325878594248,False,False,False
ageprg10,0.9975890207715133,37,1772494.7368421052,False,False,False
ageprg11,0.9985163204747775,21,1788669.0144927534,False,False,False
ageprg12,0.9990108803165183,13,2488211.8958333335,False,False,False
ageprg13,0.999381800197824,8,3538080.8444444444,False,False,False
ageprg14,0.9995054401582592,7,3926282.5714285714,False,False,False
ager,0.0,30,70.37368614101146,False,True,True
agescrn,0.0,31,70.62594801847375,False,True,True
agesmk,0.7022131552917903,36,99.84571737554631,False,True,False
agevagr,0.8679525222551929,39,176.93964489645552,False,True,False
analsex,0.0,5,3.66401725914477,False,True,False
anyfster,0.000370919881305638,2,1.935913141928179,False,True,False
b1premar,0.4554277942631058,2,0.24530313776812973,False,True,False
births5,0.4000989119683482,5,0.5308230603074545,False,True,False
bisexprt,0.20165677546983185,5,0.4646178537413167,False,True,False
chlam,0.0,5,0.38576450390373596,False,True,False
chlamtst,0.0,5,3.4701110657573495,False,True,False
cmfsex,0.3417408506429278,372,2180892.3977563726,False,True,True
cmfsex2,0.8819856577645895,219,4482315.964877833,False,True,False
cmfsex3,0.9545623145400594,158,5617729.236705036,False,False,False
cmfsextot,0.3417408506429278,371,1144252.8399068613,False,True,True
cmfsextot2,0.8819856577645895,219,932231.5531779841,False,True,False
cmfsextot3,0.9545623145400594,156,2463483.007811081,False,False,False
cmfstuse,0.5315281899109793,431,2104729.8102524127,False,True,True
cmlsex2,0.8730835806132542,100,433441.9775216034,False,True,False
cmlsex3,0.9520895153313551,89,1601067.6441043594,False,False,False
cmlsexfp,0.14113501483679525,427,8219278.041992802,False,True,True
cmmarrch,0.5743694362017804,385,467119.01849476155,False,True,True
cohab1,0.4540677546983185,404,124953.53299776744,False,True,True
cohab1_i,0.0,3,0.002836495611641343,False,True,False
compreg,0.0,18,3.3155679450312405,False,True,False
con1mar1,0.3348788328387735,341,178795.83188319264,False,True,True
condsexl,0.6870672601384767,5,3.422310748418875,False,True,False
constat1,0.0,30,256.99340187993886,True,True,True
constat1_i,0.0,3,0.02768210809381196,True,True,False
constat2,0.0,21,506.0758785202036,True,True,True
constat2_i,0.0,3,0.007952610159956096,True,True,False
constat3,0.0,15,54.56001201237699,True,True,False
constat3_i,0.0,3,0.004010807699539989,True,True,False
constat4,0.0,3,2.87210697398172,True,True,False
constat4_i,0.0,3,0.003024134061643406,True,True,False
contagem,0.9858432245301681,2,3.3261319236957028,False,False,False
cpeduc,0.8670870425321464,7,2.2738675641455734,False,True,False
cpengag1,0.8670870425321464,5,1.7591403248671638,False,True,False
cpherage,0.9919634025717112,26,352.7287418008348,False,False,False
cphisage,0.8670870425321464,51,90.67286872206651,False,True,False
cpkidliv,0.9551805143422354,2,3.2300552486187852,False,False,False
cpkids,0.8670870425321464,4,3.643320527665653,False,True,False
cpmarbef,0.8670870425321464,3,2.9244399233824274,False,True,False
curr_ins,0.0,4,1.2557186558367999,False,True,False
curr_ins_i,0.0,2,0.010339063959505717,False,True,False
currmeth1,0.12079624134520277,24,38.42777006036191,True,True,False
currmeth2,0.9072700296735905,22,22.105799866577723,True,True,False
currmeth3,0.9899851632047477,17,25.405452035886817,True,False,False
currmeth4,0.9995672601384767,4,20.0,True,False,False
currpreg,0.0,2,0.6516108891834336,False,True,False
dateuse1,0.14880069238377844,558,91212639.74231368,False,True,True
dateuse1_i,0.0,3,0.01639374913050724,False,True,False
diabetes,0.0,5,0.9583071797553036,False,True,False
durfster,0.9588278931750742,6,2.6771997561471244,False,False,False
educmom,0.0,5,87.109714989826,False,True,True
educmom_i,0.0,2,0.012332457343258166,False,True,False
endo,0.0,4,0.7866651034906598,False,True,False
evcontag,0.6631429277942631,2,1.0381783398535451,False,True,False
eversex,0.7305885262116716,3,4.069776571342681,False,True,False
everused,0.0,3,1.704578661004071,False,True,False
evhivtst,0.0,4,1.2300280225097344,False,True,False
evrcohab,0.0,2,3.9664888697281975,False,True,False
evrmarry,0.0,2,0.24448430097367904,False,True,False
fecund,0.0,6,3.5253735340925254,True,True,False
fecund_i,0.0,2,0.0007417480359018337,True,True,False
femsex,0.14725519287833827,5,0.7837183688258551,False,True,False
firsmeth1,0.12067260138476756,25,21.60740389977355,True,True,False
firsmeth2,0.9388600395647874,18,14.142275557447713,True,True,False
firsmeth3,0.9927052423343224,17,26.767854555990148,True,False,False
firsmeth4,0.9984545004945599,11,45.973333333333336,True,False,False
fmar1age,0.5743694362017804,33,22.959370829055576,False,True,False
fmar1age_i,0.0,2,0.002528351197109998,False,True,False
fmarit,0.0,6,3.2269925066922287,False,True,False
fmarital,0.0,5,3.223006981166978,False,True,False
fmarno,0.0,7,0.4165592241143404,False,True,False
fpeduc,0.9629080118694362,7,1.73968836950473,False,False,False
fptithiv,0.7548219584569733,12,8.885976703620116,False,True,False
fptithiv_i,0.0,3,0.038166872287373664,False,True,False
genwarts,0.0,5,1.4187504949420364,False,True,False
gestdiab,0.9397873392680515,3,3.858107295331233,True,True,False
hadsex,0.0,2,0.12122341645301984,False,True,False
has_pregnancy_record,0.0,2,0.23735564126906966,False,True,False
herpes,0.0,5,0.6199978558881666,False,True,False
hhkids18,0.0,6,1.484850198817643,False,True,False
hhkidtyp,0.0,3,0.29749135093568885,False,True,False
hhpartyp,0.0,4,1.0876956530712396,False,True,False
hieduc,0.0,11,5.500300920936162,False,True,False
hieduc_i,0.0,3,0.0027792848985731906,False,True,False
hisp,0.0,4,2.9623499007058367,False,True,False
hispanic,0.0,2,0.18463534811050625,False,True,False
hispanic_i,0.0,3,0.0011741897856193922,False,True,False
hispgrp,0.755811078140455,3,0.4139121264476506,False,True,False
hisprace2,0.0,4,0.8138884633788758,False,True,False
hisprace2_i,0.0,2,0.0014832208916753422,False,True,False
hivtest,0.0,4,4.062228955217492,False,True,False
hivtst,0.37543273986152326,15,22.09801585737778,False,True,False
hlpmc,0.078202274975272,4,0.7641442242078315,True,True,False
hlpprg,0.078202274975272,4,1.1217154535646134,True,True,False
hppregq,0.9067754698318496,5,4.5814400173197045,False,True,False
infert,0.5636745796241345,3,0.7556816126209953,True,True,False
infert_i,0.0,3,0.004258102908195322,True,True,False
iud_12,0.12067260138476756,2,1.4081438776069466,False,True,False
iudtype,0.9238996043521266,4,0.5486015071361112,False,True,False
laborfor,0.0,9,6.838253339998808,False,True,False
laborfor_i,0.0,2,0.00030902346216349667,False,True,False
lbpregs,0.4000989119683482,13,1.5145851471302805,False,True,False
lsexdate,0.14113501483679525,265,1101.5649485851816,False,True,True
lsexdate_i,0.0,3,0.007568366974104021,False,True,False
lsexrage,0.14113501483679525,35,59.25672872813523,False,True,False
lstmonmeth1,0.12085806132542037,23,38.07793929284468,True,True,False
lstmonmeth2,0.8916295746785361,21,19.637620569565023,True,True,False
lstmonmeth3,0.9875741839762612,17,28.92363184079602,True,False,False
lstmonmeth4,0.9990108803165183,8,35.69583333333333,True,False,False
lstsexfp_m,0.14113501483679525,19,993.7061145455222,False,True,True
lstsexfp_y,0.22929030662710187,42,1398265.0749894627,False,True,True
mainnouse,0.9917779426310583,9,73.15345181134653,False,False,False
manrel,0.5832096933728981,2,0.2102326487724758,False,True,False
mar1bir1,0.37846191889218594,244,183934.01161436393,False,True,True
mar1con1,0.3348788328387735,224,215217.42144046217,False,True,True
mar1diss,0.5743694362017804,306,4641.0707355040495,False,True,False
marcon10,0.9975272007912958,3,3.5634615384615382,False,False,False
marcon11,0.9984545004945599,4,3.4066666666666667,False,False,False
marcon12,0.9990108803165183,4,3.0,False,False,False
marcon13,0.999381800197824,3,2.9000000000000004,False,False,False
marcon14,0.9995054401582592,3,3.0714285714285716,False,False,False
mardat01,0.5743694362017804,398,127228.65800958473,False,True,True
mardat01_i,0.0,2,0.002528351197109998,False,True,False
mardat02,0.9385509396636993,270,106620.19183479527,False,True,False
mardat02_i,0.0,3,0.0006798745484370532,False,True,False
mardis01,0.8353733926805144,345,113063.21503007656,False,True,False
mardis01_i,0.0,3,0.0051765509839982755,False,True,False
mardis02,0.9762611275964391,178,96787.63835400349,False,False,False
mardis02_i,0.0,3,0.001112079337488553,False,True,False
marend01,0.8353733926805144,3,0.2588797199455036,False,True,False
marend01_i,0.0,2,0.0004943458127521529,False,True,False
marend02,0.9762611275964391,3,0.27392705613577023,False,False,False
marend02_i,0.0,2,6.181998021760633e-05,False,True,False
marout10,0.9975890207715133,3,3.620782726045884,False,False,False
marout11,0.9985163204747775,4,3.130434782608696,False,False,False
marout12,0.9990108803165183,4,3.0,False,False,False
marout13,0.999381800197824,3,2.9000000000000004,False,False,False
marout14,0.9995054401582592,3,3.0714285714285716,False,False,False
marstat,0.0,8,5.136723334663372,False,True,False
menarche,0.0,23,34.91773263804488,False,True,False
meth12m1,0.3981206726013848,22,28.84460908191985,True,True,False
meth12m1_i,0.0,3,0.003210924039583133,True,True,False
meth12m2,0.893051434223541,22,23.04494896645794,True,True,False
meth12m2_i,0.0,3,0.0019141491506871101,True,True,False
meth12m3,0.9919634025717112,15,26.089206917113888,True,False,False
meth12m3_i,0.0,3,0.0017288650195607205,True,True,False
meth12m4,0.9996909000989119,2,30.0,True,False,False
meth12m4_i,0.0,3,0.0017288650195607205,True,True,False
meth3m1,0.47088278931750743,21,29.525104507401593,True,True,False
meth3m1_i,0.0,3,0.0022217432049618045,True,True,False
meth3m2,0.9106083086053413,22,22.971869900022497,True,True,False
meth3m2_i,0.0,2,0.0018512743133109204,True,True,False
meth3m3,0.9930143422354105,15,25.400758533501897,True,False,False
meth3m3_i,0.0,2,0.0018512743133109204,True,True,False
meth3m4,0.9998145400593472,2,33.33333333333333,True,False,False
meth3m4_i,0.0,2,0.0018512743133109204,True,True,False
methdiss,0.11201780415430267,4,4.006188430920107,True,True,False
methstop01,0.5801805143422354,21,51.28868364935052,True,True,False
methstop02,0.8507047477744807,21,65.77020280249269,True,True,False
methstop03,0.9449802176063303,20,65.04740966367967,True,True,False
methstop04,0.9807739861523245,18,59.49386993050514,True,False,False
methstop05,0.993570722057369,17,45.727315160567585,True,False,False
methstop06,0.9972181008902077,12,50.77272727272727,True,False,False
methstop07,0.9990727002967359,11,49.4952380952381,True,False,False
methstop08,0.9996290801186943,4,11.366666666666667,True,False,False
methstop09,0.9998763600395648,2,24.5,True,False,False
methx1,0.23318496538081107,23,48.00007623167388,True,True,False
methx10,0.920066765578635,19,20.139693610989394,True,True,False
methx100,0.9991345202769535,9,25.17032967032967,True,False,False
methx101,0.16085558852621168,25,45.04836143475586,True,True,False
methx102,0.9094337289812068,20,20.781115835804474,True,True,False
methx103,0.9890578635014837,17,21.453068823831533,True,False,False
methx104,0.9990108803165183,8,24.516666666666666,True,False,False
methx105,0.1591864490603363,25,44.94572397358325,True,True,False
methx106,0.9104846686449061,20,18.456549462213683,True,True,False
methx107,0.9896760633036598,17,18.332948560709905,True,False,False
methx108,0.9991345202769535,9,27.956043956043956,True,False,False
methx109,0.15714638971315528,24,43.02643979989662,True,True,False
methx11,0.9914688427299704,15,22.40711943298424,True,False,False
methx110,0.9091864490603363,22,19.199812473220398,True,True,False
methx111,0.9899851632047477,17,24.022429261559697,True,False,False
methx112,0.9989490603363007,8,22.860294117647058,True,False,False
methx113,0.15436449060336302,24,42.98400669044836,True,True,False
methx114,0.9071463897131553,22,20.360218354208598,True,True,False
methx115,0.9897997032640949,18,22.85528455284553,True,False,False
methx116,0.9990727002967359,7,23.17142857142857,True,False,False
methx117,0.15059347181008903,23,43.65153371870448,True,True,False
methx118,0.9065281899109793,22,19.639782687102347,True,True,False
methx119,0.9894906033630069,16,27.23247476505395,True,False,False
methx12,0.9995672601384767,4,38.285714285714285,True,False,False
methx120,0.9993199802176064,8,24.418181818181818,True,False,False
methx121,0.1476261127596439,25,43.733526986873876,True,True,False
methx122,0.9052917903066271,22,19.62447281849608,True,True,False
methx123,0.9893669634025717,15,26.596593227254186,True,False,False
methx124,0.999381800197824,8,16.98888888888889,True,False,False
methx125,0.144473293768546,25,42.4039174788974,True,True,False
methx126,0.9036226508407518,22,20.54587590708965,True,True,False
methx127,0.988068743818002,17,25.451424870466315,True,False,False
methx128,0.9991345202769535,8,24.681318681318682,True,False,False
methx129,0.14230959446092978,25,43.89886266302085,True,True,False
methx13,0.2257047477744807,24,50.31527729593512,True,True,False
methx130,0.9049208704253214,22,20.562513484038707,True,True,False
methx131,0.9879451038575667,17,24.804017975151996,True,False,False
methx132,0.9991963402571711,8,24.666666666666668,True,False,False
methx133,0.13915677546983185,25,43.54172973881812,True,True,False
methx134,0.9041172106824926,22,21.084484931677792,True,True,False
methx135,0.9873887240356083,16,29.166232010045395,True,False,False
methx136,0.9987636003956478,6,30.365789473684213,True,False,False
methx137,0.13643669634025718,25,43.739937371140165,True,True,False
methx138,0.9012116716122651,22,21.39945752478638,True,True,False
methx139,0.9889342235410484,16,21.792856694495008,True,False,False
methx14,0.9210558852621167,19,19.383223316796077,True,True,False
methx140,0.9991345202769535,8,38.879120879120876,True,False,False
methx141,0.13421117705242333,25,43.54886850811534,True,True,False
methx142,0.898553412462908,22,21.34983056137691,True,True,False
methx143,0.9878832838773491,16,22.674620617477757,True,False,False
methx144,0.9991345202769535,6,22.0,True,False,False
methx145,0.13149109792284866,25,39.41845091561247,True,True,False
methx146,0.9006552917903067,21,23.080307899514963,True,True,False
methx147,0.9878214638971315,16,29.3404641044235,True,False,False
methx148,0.9991345202769535,6,27.516483516483518,True,False,False
methx149,0.2062314540059347,25,39.823715926867095,True,True,False
methx15,0.9912833827893175,15,23.907700101317122,True,False,False
methx150,0.9073318496538081,20,21.967387247929423,True,True,False
methx151,0.9892433234421365,15,26.392133413062254,True,False,False
methx152,0.9990108803165183,9,35.02916666666667,True,False,False
methx153,0.2861028684470821,25,40.38857933040877,True,True,False
methx154,0.9179030662710188,19,22.909429163526752,True,True,False
methx155,0.9899851632047477,16,25.692968330649492,True,False,False
methx156,0.9992581602373887,8,20.992424242424246,True,False,False
methx157,0.35113748763600394,23,39.915125515271505,True,True,False
methx158,0.9266196834817013,19,22.145329319454294,True,True,False
methx159,0.9915924826904056,16,25.849891067538127,True,False,False
methx16,0.9994436201780416,5,37.25000000000001,True,False,False
methx160,0.9995054401582592,6,45.714285714285715,True,False,False
methx161,0.4303288822947577,23,39.44300554218079,True,True,False
methx162,0.9358308605341247,18,20.896613359643112,True,True,False
methx163,0.9929525222551929,14,31.34389070020183,True,False,False
methx164,0.9994436201780416,6,24.25,True,False,False
methx165,0.5159495548961425,22,41.70645740767657,True,True,False
methx166,0.9455984174085065,18,21.658697900506773,True,True,False
methx167,0.9944980217606331,14,28.763534218590394,True,False,False
methx168,0.9998763600395648,2,4.5,True,False,False
methx169,0.5810459940652819,22,43.137001384466075,True,True,False
methx17,0.22304648862512363,24,49.291823217750185,True,True,False
methx170,0.9536968348170128,18,20.747981265573348,True,False,False
methx171,0.9942507418397626,14,32.77092099111734,True,False,False
methx172,0.9996909000989119,3,2.3,True,False,False
methx173,0.6668521266073195,22,42.104468766492495,True,True,False
methx174,0.9612388724035609,15,20.971475304584438,True,False,False
methx175,0.9952398615232443,13,31.670881749829118,True,False,False
methx176,0.9996909000989119,4,30.3,True,False,False
methx177,0.7486399604352126,22,39.25685070869401,True,True,False
methx178,0.9697082096933729,17,20.489211635574474,True,False,False
methx179,0.996538081107814,10,38.758441558441554,True,False,False
methx18,0.9205613254203758,18,18.93428609525195,True,True,False
methx180,0.9996909000989119,5,54.5,True,False,False
methx181,0.7877101879327398,22,41.00405244856146,True,True,False
methx182,0.9750865479723047,17,16.168215992000295,True,False,False
methx183,0.9968471810089021,12,35.83372549019608,True,False,False
methx184,0.9997527200791295,3,38.0,True,False,False
methx185,0.8739490603363007,19,39.75580161338685,True,True,False
methx186,0.9856577645895154,13,15.831243469174504,True,False,False
methx187,0.9977744807121661,11,32.857142857142854,True,False,False
methx188,0.9998763600395648,1,0.0,True,False,False
methx189,0.9611770524233432,14,45.60179146476498,True,False,False
methx19,0.9910361028684471,15,20.978735632183902,True,False,False
methx190,0.9962908011869436,10,24.707344632768365,True,False,False
methx191,0.9995054401582592,6,32.5,True,False,False
methx192,1.0,0,0.0,True,False,False
methx2,0.9234050445103857,19,19.693778269775642,True,True,False
methx20,0.999381800197824,6,32.72222222222222,True,False,False
methx21,0.21952274975272007,24,49.41432402213606,True,True,False
methx22,0.9188921859545005,18,18.71913022548418,True,True,False
methx23,0.9910361028684471,15,24.268007662835245,True,False,False
methx24,0.9994436201780416,6,46.77777777777777,True,False,False
methx25,0.2148862512363996,24,49.68042163404274,True,True,False
methx26,0.9169139465875371,19,18.790389652696526,True,True,False
methx27,0.990727002967359,16,26.732035794183446,True,False,False
methx28,0.9990727002967359,9,37.209523809523816,True,False,False
methx29,0.21241345202769535,24,49.330523098513424,True,True,False
methx3,0.991530662710188,15,26.922391584370978,True,False,False
methx30,0.9182121661721068,19,18.836584894505794,True,True,False
methx31,0.9917779426310583,16,23.544543176122122,True,False,False
methx32,0.9992581602373887,7,28.446969696969703,True,False,False
methx33,0.20975519287833827,24,50.043287313663356,True,True,False
methx34,0.9179030662710188,20,16.199905121616833,True,True,False
methx35,0.9910979228486647,17,22.64257964257964,True,False,False
methx36,0.9989490603363007,10,32.26470588235294,True,False,False
methx37,0.2068496538081108,24,50.55584012425085,True,True,False
methx38,0.9179030662710188,19,17.41981641713803,True,True,False
methx39,0.9910361028684471,16,24.781896551724138,True,False,False
methx4,0.9993199802176064,8,54.81818181818183,True,False,False
methx40,0.9990108803165183,9,28.133333333333333,True,False,False
methx41,0.20431503461918893,24,50.55606984543352,True,True,False
methx42,0.9190776458951533,20,16.088238798438475,True,True,False
methx43,0.9910361028684471,15,24.195402298850574,True,False,False
methx44,0.9991963402571711,8,19.26923076923077,True,False,False
methx45,0.2022749752720079,25,50.407441014284714,True,True,False
methx46,0.9164812067260139,19,17.19691970282644,True,True,False
methx47,0.9909742828882295,16,23.837883797827114,True,False,False
methx48,0.999381800197824,5,19.788888888888888,True,False,False
methx49,0.1981948565776459,25,47.240273802786824,True,True,False
methx5,0.23089762611275966,24,48.51989444195897,True,True,False
methx50,0.917408506429278,19,19.235093857229362,True,True,False
methx51,0.9907888229475766,16,28.748684926537273,True,False,False
methx52,0.999381800197824,5,16.9,True,False,False
methx53,0.19584569732937684,26,48.306453966361744,True,True,False
methx54,0.9167903066271019,21,19.451836364941972,True,True,False
methx55,0.9911597428288823,17,30.483502413079876,True,False,False
methx56,0.9990108803165183,6,28.429166666666667,True,False,False
methx57,0.19362017804154302,25,48.11476670836819,True,True,False
methx58,0.9171612265084075,19,19.341845106060436,True,True,False
methx59,0.990727002967359,18,30.151275167785236,True,False,False
methx6,0.9227250247279921,19,19.147504243394714,True,True,False
methx60,0.9988872403560831,7,30.5,True,False,False
methx61,0.19096191889218594,25,48.3529437326641,True,True,False
methx62,0.9162957467853611,19,19.582941130874985,True,True,False
methx63,0.990727002967359,18,32.56841163310961,True,False,False
methx64,0.9989490603363007,7,28.470588235294116,True,False,False
methx65,0.18719090009891196,24,49.0492736540769,True,True,False
methx66,0.9154920870425322,19,21.353735456445115,True,True,False
methx67,0.9905415430267063,16,25.59829721362229,True,False,False
methx68,0.9990727002967359,7,30.885714285714283,True,False,False
methx69,0.18311078140454995,25,49.82788639585167,True,True,False
methx7,0.9918397626112759,15,27.638387693731207,True,False,False
methx70,0.9130192878338279,19,20.86786854186697,True,True,False
methx71,0.9908506429277942,16,29.106591285162715,True,False,False
methx72,0.9993199802176064,6,24.618181818181817,True,False,False
methx73,0.17989614243323443,24,48.84741187436812,True,True,False
methx74,0.9125865479723047,20,21.245883096043904,True,True,False
methx75,0.9906651829871415,17,26.476644591611482,True,False,False
methx76,0.9989490603363007,9,35.50735294117648,True,False,False
methx77,0.1769287833827893,24,48.85172308342552,True,True,False
methx78,0.9138229475766568,19,21.58738610041394,True,True,False
methx79,0.9904797230464887,17,31.751464222052462,True,False,False
methx8,0.9995054401582592,5,34.285714285714285,True,False,False
methx80,0.9991345202769535,8,15.362637362637361,True,False,False
methx81,0.17457962413452027,25,49.22702032785889,True,True,False
methx82,0.9140084075173096,19,21.54403281113427,True,True,False
methx83,0.9902324431256182,16,27.13859550108845,True,False,False
methx84,0.9991345202769535,6,23.956043956043956,True,False,False
methx85,0.17167408506429277,24,49.011892325950754,True,True,False
methx86,0.9116592482690405,20,22.08476770694282,True,True,False
methx87,0.9902324431256182,17,23.861001370636135,True,False,False
methx88,0.9990108803165183,7,26.516666666666666,True,False,False
methx89,0.16901582591493572,24,48.19860396344305,True,True,False
methx9,0.22830118694362017,23,49.97323632051142,True,True,False
methx90,0.9136993076162215,19,20.549179427139496,True,True,False
methx91,0.9906651829871415,16,23.04980132450331,True,False,False
methx92,0.9990727002967359,7,29.714285714285715,True,False,False
methx93,0.16666666666666666,24,47.71110087611833,True,True,False
methx94,0.912215628090999,19,20.99053290851522,True,True,False
methx95,0.990417903066271,16,22.237285295349814,True,False,False
methx96,0.9992581602373887,6,15.181818181818182,True,False,False
methx97,0.16357566765578635,25,45.42895776650602,True,True,False
methx98,0.9103610286844708,20,20.299869589015017,True,True,False
methx99,0.9894906033630069,17,24.229864253393668,True,False,False
metro,0.0,3,0.4866765884390713,False,True,False
mnyfster,0.9588278931750742,17,121.12319763372393,False,False,False
mornpill,0.14113501483679525,4,2.749428320671156,False,True,False
mpill_12,0.12067260138476756,2,0.5290879717866948,False,True,False
nonbiokids,0.0,3,0.09700319285387783,False,True,False
nosex12,0.0,14,1038.125061476005,False,True,True
nosex12_i,0.0,3,0.004314809124361544,False,True,False
nosex36,0.0,2,0.21689012821865208,False,True,False
nothrkid,0.8963897131552918,16,2.2437032023652623,False,True,False
numchild,0.0,5,1.1558908115826372,False,True,False
oppsexany,0.0014218595450049456,3,1.6717296314615557,False,True,False
oppsexgen,0.0014218595450049456,3,1.7412608756404326,False,True,False
otherkid,0.10781404549950543,3,1.6448750416962374,False,True,False
othrmeth01,0.0014218595450049456,15,1136.396095846347,True,True,True
othrmeth02,0.9616097922848664,11,9.539177185600748,True,False,False
othrmeth03,0.990417903066271,9,3.769836614997905,True,False,False
othrmeth04,0.9974035608308606,10,5.344947735191638,True,False,False
othrmeth05,0.999381800197824,4,1.1555555555555557,True,False,False
othrmeth06,0.9997527200791295,3,0.6666666666666666,True,False,False
p1yeduc,0.7976013847675568,8,2.5011194682395215,False,True,False
p1yeduc2,0.9895524233432246,7,4.1580022541561,False,False,False
p1yeduc3,0.9970326409495549,7,5.701684397163121,False,False,False
p1yfsex_m,0.3416790306627102,19,329.20505330990886,False,True,False
p1yfsex_m2,0.8819856577645895,19,571.4535341255644,False,True,False
p1yfsex_m3,0.9545004945598418,19,697.153724859509,False,False,False
p1yfsex_y,0.3511993076162216,37,976385.2786528985,False,True,True
p1yfsex_y2,0.888044015825915,31,834737.6165391972,False,True,False
p1yfsex_y3,0.9567260138476755,29,2200129.234416513,False,False,False
p1yhsage,0.3499010880316518,61,126.39846023187366,False,True,False
p1yhsage2,0.8823565776458951,49,265.3124940254278,False,True,False
p1yhsage3,0.9545623145400594,45,377.64442343694975,False,False,False
p1ylsex_m,0.34068991097922846,18,89.45088763400413,False,True,False
p1ylsex_m2,0.8820474777448071,18,88.63794318405434,False,True,False
p1ylsex_m3,0.9545623145400594,18,238.28620363676805,False,False,False
p1ylsex_y,0.34068991097922846,30,297521.59563136206,False,True,True
p1ylsex_y2,0.8820474777448071,15,332600.63978429907,False,True,False
p1ylsex_y3,0.9545623145400594,14,1442700.4242821925,False,False,False
p1yrage,0.341555390702275,42,65.52991264017618,False,True,False
p1yrage2,0.8819856577645895,36,77.04996688970813,False,True,False
p1yrage3,0.9545004945598418,36,178.88991237799468,False,False,False
parage14,0.0,3,0.8087631417621004,False,True,False
parage14_i,0.0,3,0.0019771233586651925,False,True,False
parity,0.0,13,1.8635341231003013,False,True,False
parmarr,0.0,4,3.5425941192477803,False,True,False
partdur1,0.14113501483679525,351,20148.61115738362,False,True,True
partdur1_i,0.0,2,0.01838172299451016,False,True,False
partdur2,0.873578140454995,192,46653.86963478294,False,True,False
partdur2_i,0.0,2,0.004125038028364955,False,True,False
partdur3,0.9522131552917903,114,45050.628699166824,False,False,False
partdur3_i,0.0,3,0.003514015841202721,False,True,False
parts1yr,0.14113501483679525,8,0.8212047368156971,False,True,False
parts1yr_i,0.0,2,0.0006795993683087277,False,True,False
partum12,0.9245796241345203,2,1.9014349305396787,False,True,False
pid,0.0,4,0.6124300660279428,False,True,False
pidsympt,0.9605588526211671,3,1.615566699310542,False,False,False
pidtx,0.9618570722057369,16,94.88998926519187,False,False,False
pill,0.0,3,3.4986833204151537,False,True,False
pill_12,0.12067260138476756,2,2.8273999234592617,False,True,False
plchiv,0.37537091988130566,21,35.01610263063212,False,True,False
poverty,0.0,308,26037.390957886742,False,True,True
poverty_i,0.0,3,0.08478623854753813,False,True,False
preg_agecon_max,0.38748763600395647,385,1693079.1886553424,False,True,True
preg_agecon_mean,0.38748763600395647,2952,1358154.6541546402,False,True,True
preg_agecon_min,0.38748763600395647,364,1140554.929760336,False,True,True
preg_agepreg_max,0.4000989119683482,381,1745886.633571526,False,True,True
preg_agepreg_mean,0.4000989119683482,2974,1405564.1850340099,False,True,True
preg_agepreg_min,0.4000989119683482,364,1183862.3586634758,False,True,True
preg_bfeedwks_max,0.48615232443125617,68,227445.0843033005,False,True,True
preg_bfeedwks_mean,0.48615232443125617,715,180778.036507934,False,True,True
preg_bfeedwks_min,0.48615232443125617,63,192730.06616038972,False,True,True
preg_evuseint_code_1_n,0.38748763600395647,13,1.6786931543695485,False,True,False
preg_evuseint_code_5_n,0.38748763600395647,12,1.1265636283402538,False,True,False
preg_evuseint_code_8_n,0.38748763600395647,8,0.027221508841266985,False,True,False
preg_evuseint_code_9_n,0.38748763600395647,3,0.002819397628465521,False,True,False
preg_kidage_max,0.4561078140454995,349,7374.92958105616,False,True,True
preg_kidage_mean,0.4561078140454995,1348,5080.7122245060855,False,True,True
preg_kidage_min,0.4561078140454995,312,3934.3003753449498,False,True,True
preg_lbw1_code_1_n,0.38748763600395647,7,0.2511530324468098,True,True,False
preg_lbw1_code_2_n,0.38748763600395647,13,1.4873744475214161,True,True,False
preg_n_records,0.0,18,3.353282791916431,False,True,False
preg_newwantr_code_1_n,0.38748763600395647,9,0.23423038130267523,True,True,False
preg_newwantr_code_2_n,0.38748763600395647,14,1.5851829258775973,True,True,False
preg_newwantr_code_3_n,0.38748763600395647,7,0.24473240009765418,True,True,False
preg_newwantr_code_4_n,0.38748763600395647,10,0.7139632636812628,True,True,False
preg_newwantr_code_5_n,0.38748763600395647,6,0.034852305692027505,True,True,False
preg_newwantr_code_6_n,0.38748763600395647,13,1.0603654255060557,True,True,False
preg_newwantr_code_7_n,0.38748763600395647,4,0.01362167552668562,True,True,False
preg_outcome_code_1_n,0.38748763600395647,13,1.5571324724866573,True,True,False
preg_outcome_code_2_n,0.38748763600395647,9,0.43562336022954545,True,True,False
preg_outcome_code_3_n,0.38748763600395647,4,0.027414013710633643,True,True,False
preg_outcome_code_4_n,0.38748763600395647,13,0.729227149592543,True,True,False
preg_outcome_code_5_n,0.38748763600395647,5,0.04026196147384239,True,True,False
preg_outcome_code_6_n,0.38748763600395647,2,0.06453667676203387,True,True,False
preg_postsmks_code_1_n,0.38748763600395647,8,0.18908854975413456,False,True,False
preg_postsmks_code_5_n,0.38748763600395647,10,0.8219733794779948,False,True,False
preg_pregordr_max,0.38748763600395647,17,2.6749849906104974,False,True,False
preg_pregordr_mean,0.38748763600395647,17,0.6687462476526244,False,True,False
preg_pregordr_min,0.38748763600395647,1,0.0,False,False,False
preg_priorsmk_code_0_n,0.38748763600395647,10,0.7626043724604097,False,True,False
preg_priorsmk_code_1_n,0.38748763600395647,4,0.022968176100716067,False,True,False
preg_priorsmk_code_2_n,0.38748763600395647,6,0.0609214646556129,False,True,False
preg_priorsmk_code_3_n,0.38748763600395647,5,0.11925627756789738,False,True,False
preg_priorsmk_code_4_n,0.38748763600395647,8,0.09074529376736146,False,True,False
preg_priorsmk_code_5_n,0.38748763600395647,5,0.010854275403154869,False,True,False
preg_priorsmk_code_6_n,0.38748763600395647,4,0.003426048769503088,False,True,False
preg_stopduse_code_1_n,0.38748763600395647,10,0.986323668005059,False,True,False
preg_stopduse_code_5_n,0.38748763600395647,12,1.089926170063056,False,True,False
preg_stopduse_code_9_n,0.38748763600395647,3,0.0024175987266968355,False,True,False
preg_timingok_code_1_n,0.38748763600395647,10,0.8991814834765907,True,True,False
preg_timingok_code_2_n,0.38748763600395647,14,1.5850385166627754,True,True,False
preg_timingok_code_3_n,0.38748763600395647,9,0.23221470372893424,True,True,False
preg_timingok_code_4_n,0.38748763600395647,5,0.03004081478134214,True,True,False
preg_timingok_code_9_n,0.38748763600395647,3,0.0023170980632600175,True,True,False
preg_wantbold_code_1_n,0.38748763600395647,13,1.330476418173878,True,True,False
preg_wantbold_code_5_n,0.38748763600395647,13,1.031836236466233,True,True,False
preg_wantbold_code_6_n,0.38748763600395647,5,0.07108988033605548,True,True,False
preg_wantpart_code_1_n,0.38748763600395647,9,0.21981794434710306,True,True,False
preg_wantpart_code_2_n,0.38748763600395647,14,1.8099543762644597,True,True,False
preg_wantpart_code_3_n,0.38748763600395647,8,0.5517383527932094,True,True,False
preg_wantpart_code_4_n,0.38748763600395647,6,0.045594099815404784,True,True,False
preg_wantpart_code_5_n,0.38748763600395647,11,0.8690494896848321,True,True,False
preg_wantpart_code_6_n,0.38748763600395647,9,0.24593662522908344,True,True,False
preg_wantresp_code_1_n,0.38748763600395647,9,0.23423038130267523,True,True,False
preg_wantresp_code_2_n,0.38748763600395647,14,1.5851829258775973,True,True,False
preg_wantresp_code_3_n,0.38748763600395647,10,0.9050710159183677,True,True,False
preg_wantresp_code_4_n,0.38748763600395647,6,0.034852305692027505,True,True,False
preg_wantresp_code_5_n,0.38748763600395647,13,1.0603654255060557,True,True,False
preg_wantresp_code_6_n,0.38748763600395647,4,0.01362167552668562,True,True,False
preghiv,0.8962042532146389,4,4.835224582428527,False,True,False
pregnono,0.14026953511374876,4,0.5037046085691115,False,True,False
pregnum,0.0,18,3.353282791916431,False,True,False
pregnum_i,0.0,2,0.004693090074099893,False,True,False
prevhusb,0.0,6,0.22604981983345487,False,True,False
ptsb4mar,0.5746167161226509,45,17389.29504850735,False,True,True
reasiud01,0.9588897131552918,13,13.77266056708035,False,False,False
reasiud02,0.9893669634025717,12,12.834489324085409,False,False,False
reasiud03,0.9972799208704253,10,12.835095137420717,False,False,False
reasiud04,0.9991963402571711,6,15.025641025641027,False,False,False
reasiud05,0.9998145400593472,3,37.333333333333336,False,False,False
reaspill01,0.761931256181998,16,13.646684180529933,False,True,False
reaspill02,0.9362636003956478,15,15.453881140941494,False,True,False
reaspill03,0.9804648862512364,14,14.520554550934298,False,False,False
reaspill04,0.9944980217606331,13,14.390960163432077,False,False,False
reaspill05,0.9982072205736894,10,10.194581280788176,False,False,False
reaspill06,0.9995672601384767,4,16.333333333333332,False,False,False
relatp1,0.23516320474777447,8,1.9231956363221634,False,True,False
relatp1_i,0.0,2,0.002036023371965566,False,True,False
relatp2,0.8736399604352126,8,1.4772652166291658,False,True,False
relatp2_i,0.0,2,0.0009264970945564782,False,True,False
relatp3,0.9525222551928784,8,1.4672272245762712,False,False,False
relatp3_i,0.0,2,0.0012966143671544997,False,True,False
religion,0.0,4,0.8375142023521787,False,True,False
religion_i,0.0,2,0.0030201898131374046,False,True,False
rhadsex,0.0,2,1.9395746632483175,False,True,False
rmarital,0.0,6,5.12905079672291,False,True,False
rscrage,0.0,36,70.16803388002452,False,True,True
rscrhisp,0.0006800197823936696,3,2.834811661753755,False,True,False
rscrrace,0.0006800197823936696,7,1.7657344801617016,False,True,False
samesex1,0.8095944609297725,47,205.7222448467414,False,True,False
samesexany,0.004574678536102868,3,2.466131094232037,False,True,False
sedhiv,0.6506552917903067,4,2.084469848707175,False,True,False
sedhivg,0.7030786350148368,15,22.32451630475643,False,True,False
sedhivsx,0.9746538081107814,4,0.5917824557218676,False,False,False
sex1mthd1,0.14113501483679525,23,1844.1699274693929,False,True,True
sex1mthd1_i,0.0,3,0.0077710715361319176,False,True,False
sex1mthd2,0.6173343224530168,20,1921.2391530024477,False,True,False
sex1mthd2_i,0.0004327398615232443,3,0.0027159013670211307,False,True,False
sex1mthd3,0.7376978239366964,17,166.61421240942312,False,True,False
sex1mthd3_i,0.0004945598417408506,3,0.002469217644741962,False,True,False
sex1mthd4,0.7427052423343224,10,19.60608409176028,False,True,False
sex1mthd4_i,0.0004945598417408506,3,0.002469217644741962,False,True,False
sex3mo,0.14113501483679525,2,0.17195623023888995,False,True,False
sexafmen,0.9978363006923838,2,2.339495798319328,False,False,False
sexmar,0.14113501483679525,374,9559.324824769807,False,True,True
sexonce,0.14113501483679525,2,0.014678648497528177,False,True,False
sexonce_i,0.0,3,0.00030908461330312475,False,True,False
sexp3mo,0.14113501483679525,2,0.1522225136879208,False,True,False
sexp3mo_i,0.0,2,0.002282248435677409,False,True,False
sexunion,0.14113501483679525,330,21809.574519223046,False,True,True
smk100,0.0,5,3.3811373156484237,False,True,False
sterop12,0.0,3,0.23735042813441637,False,True,False
usefrsts,0.7937067260138477,4,1.2809553376178289,False,True,False
usefstp,0.40677546983184965,4,2.2876830410273867,False,True,False
usefstp2,0.8905786350148368,4,2.1097255623369198,False,True,False
usefstp3,0.9587660731948566,3,1.9707623665644656,False,False,False
usefstsx,0.14917161226508407,4,27.67880468625755,False,True,False
uselstp,0.23782146389713155,4,2.7058141620062,False,True,False
uselstp2,0.8751236399604352,4,1.8784760125343887,False,True,False
uselstp3,0.9535731948565777,2,1.9114212161562358,False,False,False
vagsex,0.735719584569733,5,4.212671751129501,False,True,False
willmarr,0.8670870425321464,5,1.5990312422219095,False,True,False
wnfstuse_m,0.5315281899109793,18,645.9567268608487,False,True,False
wnfstuse_y,0.5315281899109793,44,1739665.4908698602,False,True,True
wynotuse,0.9067754698318496,4,4.09166242768055,False,True,False
ynosex,0.8599777448071216,8,3.332710083541994,False,True,False
yusepill1,0.848293768545994,9,6.437019221344987,False,True,False
yusepill2,0.9132665677546983,8,4.175328392490923,False,True,False
yusepill3,0.9530168150346192,8,3.2924467790028427,False,False,False
yusepill4,0.9817631058358062,8,2.5453245705061684,False,False,False
yusepill5,0.99561078140455,6,2.2084507042253523,False,False,False
yusepill6,0.9994436201780416,4,1.3611111111111112,False,False,False
